name,description,address_line,city,state,zip,lat,lng,website_url,phone,email,instagram,facebook,whatsapp,mass_schedules,services,source_url,admin_notes,record_origin,verification_status,last_verified,evidence_summary,source_urls
St. Jude Thaddeus Roman Catholic Church,Paróquia católica com missas em português em Livingston.,330 Franci Street,Livingston,CA,95334,,,https://dioceseoffresno.org/parishes/merced-mariposa-vicariate/st-jude-thaddeus-livingston/,209-394-7512,stjudethaddeus@frontiernet.net,,,,"[{""language"":""Português"",""schedule"":""Domingo 11:00 e quarta-feira 08:00; confirmar no boletim""}]",missa;confissão,https://catholicmasstime.org/church/st-jude-thaddeus-roman-church/1363/,Novo registro encontrado na pesquisa web de 2026-08-17. Confirmar horários antes da visita.,pesquisa_web_2026,confirmado em fonte oficial ou paroquial,2026-08-17,Diretório paroquial atualizado indica celebrações em português; confirmar diretamente com a paróquia.,https://catholicmasstime.org/church/st-jude-thaddeus-roman-church/1363/
Brazilian Catholic Community at St. Agnes,"Comunidade brasileira acompanhada pela Diocese de San Diego, com celebração bilíngue periódica.",1140 Evergreen Street,San Diego,CA,92106,,,https://sdcatholic.org/cultural-diversity/cultural-communities/brazilian-community/,858-490-8306,adiaz@sdcatholic.org,,,,"[{""language"":""Inglês/Português"",""schedule"":""Último domingo do mês, 17:30; confirmar com a diocese, pois a grade paroquial publicada diverge""}]",missa;oração;atividades sociais,https://sdcatholic.org/cultural-diversity/cultural-communities/brazilian-community/,Novo registro encontrado na pesquisa web de 2026-08-17. Confirmar horários antes da visita.,pesquisa_web_2026,fonte oficial com divergência de horário,2026-08-17,"Página diocesana identifica a comunidade brasileira; há divergência com a programação atual da paróquia, portanto requer reconfirmação.",https://sdcatholic.org/cultural-diversity/cultural-communities/brazilian-community/
Our Lady of the Assumption Parish,Paróquia de origem portuguesa com ampla programação litúrgica em português.,2602 S Walnut Road,Turlock,CA,95380,,,https://olassumption.net/,209-634-2222,,,,,"[{""language"":""Português/bilíngue"",""schedule"":""Programação variável durante a semana; consultar site e boletim atual""}]",missa;confissão;adoração,https://olassumption.net/,Novo registro encontrado na pesquisa web de 2026-08-17. Confirmar horários antes da visita.,pesquisa_web_2026,confirmado em fonte oficial ou paroquial,2026-08-17,Site oficial publica boletim em português e múltiplas celebrações em português ou bilíngues.,https://olassumption.net/
Our Lady of Aparecida Parish / Paróquia Nossa Senhora Aparecida,Comunidade católica com missa em português listada pelo Apostolado Brasileiro.,42 Vail Road,Bethel,CT,06801,41.424002,-73.3955769,https://ourladyofaparecida.org/,203-730-9071,office@ourladyofaparecida.org,,,,"[{""language"":""Português"",""schedule"":""Sábado 17:00; consultar site para demais horários""}]",missa;confissão;catequese;preparação sacramental;ministérios para jovens,https://apostoladobrasileiro.com/locations/nossa-senhora-aparecida/,Importado do diretório público do Apostolado Brasileiro. Conferir endereço e horários antes de aprovar.,arquivo_original,confirmado em fonte oficial,2026-08-17,"Paróquia brasileira independente desde 2020, com mais de 1.100 famílias e 28 ministérios ativos.",https://ourladyofaparecida.org/;https://www.bridgeportdiocese.org/multicultural-ministry/brazilian-community/
Saint Charles Borromeo,Comunidade católica com missa em português listada pelo Apostolado Brasileiro.,400 Ogden Street,Bridgeport,CT,06608,41.1918789,-73.18172849999999,,781-933-0300,parochialvicar@sccwoburn.com,,,,[],missa,https://apostoladobrasileiro.com/locations/saint-charles-borromeo/,Importado do diretório público do Apostolado Brasileiro. Conferir endereço e horários antes de aprovar.,arquivo_original,não verificado individualmente,2026-08-17,Registro preservado do arquivo original; horários e contatos devem ser confirmados antes da visita.,https://apostoladobrasileiro.com/locations/saint-charles-borromeo/
Nossa Senhora de Fatima,Comunidade católica com missa em português listada pelo Apostolado Brasileiro.,15 Madison Avenue,Hartford,CT,06106,41.7522008,-72.7121473,,,,,,,[],missa,https://apostoladobrasileiro.com/locations/nossa-senhora-de-fatima-2/,Importado do diretório público do Apostolado Brasileiro. Conferir endereço e horários antes de aprovar.,arquivo_original,não verificado individualmente,2026-08-17,Registro preservado do arquivo original; horários e contatos devem ser confirmados antes da visita.,https://apostoladobrasileiro.com/locations/nossa-senhora-de-fatima-2/
Nossa Senhora de Fátima,Comunidade católica com missa em português listada pelo Apostolado Brasileiro.,2071 Baldwin Street,Waterbury,CT,06706,41.5245556,-73.03802519999999,,,,,,,[],missa,https://apostoladobrasileiro.com/locations/nossa-senhora-de-fatima-3/,Importado do diretório público do Apostolado Brasileiro. Conferir endereço e horários antes de aprovar.,arquivo_original,não verificado individualmente,2026-08-17,Registro preservado do arquivo original; horários e contatos devem ser confirmados antes da visita.,https://apostoladobrasileiro.com/locations/nossa-senhora-de-fatima-3/
Our Lady of Guadalupe,Comunidade católica com missa em português listada pelo Apostolado Brasileiro.,912 Boston Avenue,Immokalee,FL,34142,26.4163787,-81.42581659999999,,,,,,,[],missa,https://apostoladobrasileiro.com/locations/our-lady-of-guadalupe/,Importado do diretório público do Apostolado Brasileiro. Conferir endereço e horários antes de aprovar.,arquivo_original,não verificado individualmente,2026-08-17,Registro preservado do arquivo original; horários e contatos devem ser confirmados antes da visita.,https://apostoladobrasileiro.com/locations/our-lady-of-guadalupe/
St. Joseph Catholic Church,Comunidade católica com missa em português listada pelo Apostolado Brasileiro.,11757 Old St. Augustine Road,Jacksonville,FL,32223,30.1587763,-81.5991865,https://stjosephsjax.org/brazilian-community,904-268-5422,,,,,"[{""language"":""Português"",""schedule"":""Domingo 18:30""}]",missa;terço dos homens;grupo de oração,https://apostoladobrasileiro.com/locations/st-joseph-catholic-church/,Importado do diretório público do Apostolado Brasileiro. Conferir endereço e horários antes de aprovar.,arquivo_original,confirmado em fonte oficial,2026-08-17,Página oficial da comunidade brasileira confirma missa semanal e grupos pastorais.,https://stjosephsjax.org/brazilian-community
St. Vincent,Comunidade católica com missa em português listada pelo Apostolado Brasileiro.,Northwest 18th Street,Margate,FL,33063,26.2493454,-80.21138499999999,,,,,,,[],missa,https://apostoladobrasileiro.com/locations/st-vincent/,Importado do diretório público do Apostolado Brasileiro. Conferir endereço e horários antes de aprovar.,arquivo_original,não verificado individualmente,2026-08-17,Registro preservado do arquivo original; horários e contatos devem ser confirmados antes da visita.,https://apostoladobrasileiro.com/locations/st-vincent/
Brazilian Community at St. Catherine of Siena,Grupo brasileiro da paróquia com missa em português.,9200 SW 107th Avenue,Miami,FL,33176,,,https://scsmiami.org/,305-274-6333,stcatherine@scsmiami.org,,,,"[{""language"":""Português"",""schedule"":""Domingo à noite; confirmar horário no boletim""}]",missa;oração;eventos comunitários,https://scsmiami.org/ministries/,Novo registro encontrado na pesquisa web de 2026-08-17. Confirmar horários antes da visita.,pesquisa_web_2026,confirmado em fonte oficial ou paroquial,2026-08-17,Página oficial de ministérios confirma missa dominical em português para a comunidade brasileira.,https://scsmiami.org/ministries/
Casa San Carlos,Comunidade católica com missa em português listada pelo Apostolado Brasileiro.,West Atlantic Avenue,Palm Beach,FL,33446,26.4525083,-80.1977896,,,,,,,[],missa,https://apostoladobrasileiro.com/locations/casa-san-carlos/,Importado do diretório público do Apostolado Brasileiro. Conferir endereço e horários antes de aprovar.,arquivo_original,não verificado individualmente,2026-08-17,Registro preservado do arquivo original; horários e contatos devem ser confirmados antes da visita.,https://apostoladobrasileiro.com/locations/casa-san-carlos/
Our Lady Queen of Peace,Comunidade católica com missa em português listada pelo Apostolado Brasileiro.,West Atlantic Avenue,Palm Beach,FL,33446,26.4525083,-80.1977896,,,,,,,[],missa,https://apostoladobrasileiro.com/locations/our-lady-queen-of-peace/,Importado do diretório público do Apostolado Brasileiro. Conferir endereço e horários antes de aprovar.,arquivo_original,não verificado individualmente,2026-08-17,Registro preservado do arquivo original; horários e contatos devem ser confirmados antes da visita.,https://apostoladobrasileiro.com/locations/our-lady-queen-of-peace/
Brazilian Catholic Community at Saint Louis,Comunidade católica brasileira com missa mensal em português e confraternização.,7270 SW 120th Street,Pinecrest,FL,33156,,,https://www.stlcatholic.org/,305-238-7562,information@stlcatholic.org,,,,"[{""language"":""Português"",""schedule"":""Primeiro sábado do mês, 19:00""}]",missa;confraternização,https://www.stlcatholic.org/CatholicChurch.php?article=BCD01846-D32D-49DD-BAA3-563AF6E55FA2&from=this+week&lg=SP&pg=Share,Novo registro encontrado na pesquisa web de 2026-08-17. Confirmar horários antes da visita.,pesquisa_web_2026,confirmado em fonte oficial ou paroquial,2026-08-17,Página oficial confirma missa mensal da comunidade brasileira em português.,https://www.stlcatholic.org/CatholicChurch.php?article=BCD01846-D32D-49DD-BAA3-563AF6E55FA2&from=this+week&lg=SP&pg=Share
Brazilian Community at St. Elizabeth Ann Seton,Comunidade brasileira com missa semanal em português.,930 SW Tunis Avenue,Port St. Lucie,FL,34953,,,https://seascatholicparish.org/,772-336-0282,seton@steasparish.org,,,,"[{""language"":""Português"",""schedule"":""Sábado 18:30""}]",missa;eventos comunitários,https://seascatholicparish.org/ministries/community-outreach,Novo registro encontrado na pesquisa web de 2026-08-17. Confirmar horários antes da visita.,pesquisa_web_2026,confirmado em fonte oficial ou paroquial,2026-08-17,Página oficial confirma comunidade brasileira e missa todos os sábados.,https://seascatholicparish.org/ministries/community-outreach
Comunidade Católica Imaculado Coração de Maria - St. Justin Martyr,Comunidade católica de língua portuguesa sediada na St. Justin Martyr Parish.,10851 Ridge Road,Seminole,FL,33778,,,https://stjustinmartyr.net/,727-397-3312,sjminfo@stjustinmartyr.net,,,,"[{""language"":""Português"",""schedule"":""Domingo 19:00""}]",missa;comunidade brasileira,https://stjustinmartyr.net/,Novo registro encontrado na pesquisa web de 2026-08-17. Confirmar horários antes da visita.,pesquisa_web_2026,confirmado em fonte oficial ou paroquial,2026-08-17,Site paroquial e diretório diocesano confirmam missa dominical em português.,https://stjustinmartyr.net/
Comunidade Brasileira da St. Paul Catholic Church,Comunidade católica brasileira com missa semanal em português e diversos ministérios.,12708 N Dale Mabry Highway,Tampa,FL,33618,,,https://www.comunidadebrasileirastpaul.com/,813-961-3023,brazilian@stpaulchurch.com,,,,"[{""language"":""Português"",""schedule"":""Sábado 19:00""}]",missa;grupo de oração;terço;estudo bíblico;ministérios,https://www.comunidadebrasileirastpaul.com/,Novo registro encontrado na pesquisa web de 2026-08-17. Confirmar horários antes da visita.,pesquisa_web_2026,confirmado em fonte oficial ou paroquial,2026-08-17,Site próprio da comunidade confirma missa semanal aos sábados e endereço.,https://www.comunidadebrasileirastpaul.com/
Portuguese Community at St. Katharine Drexel,Comunidade católica com missa dominical em português na região de Weston.,2501 South Post Road,Weston,FL,33327,,,https://www.skdrexel.org/,954-389-5003,info@skdrexel.org,,,,"[{""language"":""Português"",""schedule"":""Domingo 17:00""}]",missa;confissão;adoração,https://www.skdrexel.org/CatholicChurch.php?elementor_library=default-kitpg%3DHome&lg=PT&pg=Home,Novo registro encontrado na pesquisa web de 2026-08-17. Confirmar horários antes da visita.,pesquisa_web_2026,confirmado em fonte oficial ou paroquial,2026-08-17,Site oficial em português confirma missa dominical e contatos.,https://www.skdrexel.org/CatholicChurch.php?elementor_library=default-kitpg%3DHome&lg=PT&pg=Home
Resurrection Church,Comunidade católica com missa em português listada pelo Apostolado Brasileiro.,1211 Vineland Road,Winter Garden,FL,34787,28.5483617,-81.58713449999999,,,,,,,[],missa,https://apostoladobrasileiro.com/locations/resurrection-church/,Importado do diretório público do Apostolado Brasileiro. Conferir endereço e horários antes de aprovar.,arquivo_original,não verificado individualmente,2026-08-17,Registro preservado do arquivo original; horários e contatos devem ser confirmados antes da visita.,https://apostoladobrasileiro.com/locations/resurrection-church/
Brazilian Community at Holy Family Catholic Church,Comunidade brasileira com missa semanal em português e ministérios próprios.,3401 Lower Roswell Road,Marietta,GA,30068,,,https://www.holyfamilycc.org/comunidade-brasileira,770-973-0038,,,,,"[{""language"":""Português"",""schedule"":""Sábado 19:30; confirmar no calendário paroquial""}]",missa;adoração;novena;grupos de oração,https://www.holyfamilycc.org/comunidade-brasileira,Novo registro encontrado na pesquisa web de 2026-08-17. Confirmar horários antes da visita.,pesquisa_web_2026,confirmado em fonte oficial ou paroquial,2026-08-17,Página oficial da comunidade brasileira confirma missa e ministérios em português.,https://www.holyfamilycc.org/comunidade-brasileira
St. Jude the Apostle Catholic Church,Comunidade católica com missa em português listada pelo Apostolado Brasileiro.,705 Spalding Drive Northeast,Sandy Springs,GA,30328,33.9501909,-84.36303600000001,https://judeatl.com/brazilian-community/,770-394-3896,,,,,[],missa,https://apostoladobrasileiro.com/locations/st-jude-the-apostle-catholic-church/,Importado do diretório público do Apostolado Brasileiro. Conferir endereço e horários antes de aprovar.,arquivo_original,confirmado em fonte oficial,2026-08-17,A paróquia mantém página própria sobre a história e a presença da comunidade católica brasileira.,https://judeatl.com/brazilian-community/history/
Comunidade Católica Brasileira de Chicago - St. Charles Borromeo,"Comunidade católica brasileira da região de Chicago, com missa mensal em português.",1637 N 37th Avenue,Melrose Park,IL,60160,,,https://comcatbrachi.wixsite.com/home/copy-of-home,,,,,,"[{""language"":""Português"",""schedule"":""Primeiro domingo do mês, 17:00""}]",missa;confraternização,https://comcatbrachi.wixsite.com/home/copy-of-home,Novo registro encontrado na pesquisa web de 2026-08-17. Confirmar horários antes da visita.,pesquisa_web_2026,confirmado em fonte oficial ou paroquial,2026-08-17,Site da comunidade informa missa mensal em português e endereço.,https://comcatbrachi.wixsite.com/home/copy-of-home
St. Anthony of Padua Parish,Paróquia católica em Nova Orleans com missa dominical em português.,4640 Canal Street,New Orleans,LA,70119,,,https://sapparish.org/,504-488-2651,,,,,"[{""language"":""Português"",""schedule"":""Domingo 13:00""}]",missa;confissão;adoração,https://sapparish.org/mass-times,Novo registro encontrado na pesquisa web de 2026-08-17. Confirmar horários antes da visita.,pesquisa_web_2026,confirmado em fonte oficial ou paroquial,2026-08-17,Página oficial de horários confirma missa em português todos os domingos.,https://sapparish.org/mass-times
Saint Anthony's Parish,"Comunidade católica brasileira da Arquidiocese de Boston, listada pelo Apostolado Brasileiro.",43 Holton St.,Allston,MA,02134,,,,+16177820775,,,,,[],missa,https://apostoladobrasileiro.com/comunidade-allston-brighton/,Importado da página Onde estamos do Apostolado Brasileiro. Conferir endereço e horários antes de aprovar.,arquivo_original,não verificado individualmente,2026-08-17,Registro preservado do arquivo original; horários e contatos devem ser confirmados antes da visita.,https://apostoladobrasileiro.com/comunidade-allston-brighton/
Madonna Queen of the Universe Shrine,Comunidade católica com missa em português listada pelo Apostolado Brasileiro.,Orient Avenue,Boston,MA,02151,42.390191,-71.00569949999999,,(617).569.0406,madonnaqshrine@gmail.com,,,,[],missa,https://apostoladobrasileiro.com/locations/madonna-queen-of-the-universe-shrine/,Importado do diretório público do Apostolado Brasileiro. Conferir endereço e horários antes de aprovar.,arquivo_original,não verificado individualmente,2026-08-17,Registro preservado do arquivo original; horários e contatos devem ser confirmados antes da visita.,https://apostoladobrasileiro.com/locations/madonna-queen-of-the-universe-shrine/
St. Anthony,Comunidade católica com missa em português listada pelo Apostolado Brasileiro.,Athol Street,Boston,MA,02134,42.3601326,-71.1349953,,,,,,,[],missa,https://apostoladobrasileiro.com/locations/st-anthony-3/,Importado do diretório público do Apostolado Brasileiro. Conferir endereço e horários antes de aprovar.,arquivo_original,não verificado individualmente,2026-08-17,Registro preservado do arquivo original; horários e contatos devem ser confirmados antes da visita.,https://apostoladobrasileiro.com/locations/st-anthony-3/
St. Anthony,Comunidade católica com missa em português listada pelo Apostolado Brasileiro.,400 Cardinal Medeiros Avenue,Cambridge,MA,02141,42.3713054,-71.0882701,,,,,,,[],missa,https://apostoladobrasileiro.com/locations/st-anthony-4/,Importado do diretório público do Apostolado Brasileiro. Conferir endereço e horários antes de aprovar.,arquivo_original,não verificado individualmente,2026-08-17,Registro preservado do arquivo original; horários e contatos devem ser confirmados antes da visita.,https://apostoladobrasileiro.com/locations/st-anthony-4/
St. Anthony,Comunidade católica com missa em português listada pelo Apostolado Brasileiro.,38 Oakes Street,Everett,MA,02149,42.40545960000001,-71.0595859,,,,,,,[],missa,https://apostoladobrasileiro.com/locations/st-anthony/,Importado do diretório público do Apostolado Brasileiro. Conferir endereço e horários antes de aprovar.,arquivo_original,não verificado individualmente,2026-08-17,Registro preservado do arquivo original; horários e contatos devem ser confirmados antes da visita.,https://apostoladobrasileiro.com/locations/st-anthony/
St. Mary's Cathedral,Comunidade católica com missa em português listada pelo Apostolado Brasileiro.,1598 South Main Street,Fall River,MA,02724,41.6855047,-71.17310719999999,,(508) 746-0426,,,,,[],missa,https://apostoladobrasileiro.com/locations/st-marys-cathedral/,Importado do diretório público do Apostolado Brasileiro. Conferir endereço e horários antes de aprovar.,arquivo_original,não verificado individualmente,2026-08-17,Registro preservado do arquivo original; horários e contatos devem ser confirmados antes da visita.,https://apostoladobrasileiro.com/locations/st-marys-cathedral/
St. Tarcisius,Comunidade católica com missa em português listada pelo Apostolado Brasileiro.,562 Waverly St,Framingham,MA,01702,42.2749703,-71.4216802,,508-875-6347/ 508-875-8623,sttarcisiuspar@gmail.com,,,,[],missa,https://apostoladobrasileiro.com/locations/st-tarcisius/,Importado do diretório público do Apostolado Brasileiro. Conferir endereço e horários antes de aprovar.,arquivo_original,listado em diretório oficial do apostolado,2026-08-17,Local consta no diretório nacional do Apostolado Brasileiro; contato e horário exigem confirmação paroquial.,https://apostoladobrasileiro.com/paroquias-com-missas-em-portugues-nos-estados-unidos/
Saint John the Baptist,"Comunidade católica brasileira da Arquidiocese de Boston, listada pelo Apostolado Brasileiro.",110 Lincoln Ave,Haverhill,MA,01830,,,,(978) 372-8537 (somente em inglês),,,,,[],missa,https://apostoladobrasileiro.com/comunidade-de-haverhill/,Importado da página Onde estamos do Apostolado Brasileiro. Conferir endereço e horários antes de aprovar.,arquivo_original,não verificado individualmente,2026-08-17,Registro preservado do arquivo original; horários e contatos devem ser confirmados antes da visita.,https://apostoladobrasileiro.com/comunidade-de-haverhill/
St. Michael,Comunidade católica com missa em português listada pelo Apostolado Brasileiro.,21 Manning Street,Hudson,MA,01749,42.3929569,-71.5639106,https://www.stmikes.org/,978-562-2552,,,,,"[{""language"":""Português (comunidade brasileira)"",""schedule"":""Domingo 11:30; consultar calendário paroquial para celebrações adicionais""}]",missa;confissão;grupos de oração,https://apostoladobrasileiro.com/locations/st-michael/,Importado do diretório público do Apostolado Brasileiro. Conferir endereço e horários antes de aprovar.,arquivo_original,confirmado em fonte oficial,2026-08-17,Site paroquial confirma missa brasileira dominical e atividades em português.,https://www.stmikes.org/calendar
Holy Family,Comunidade católica com missa em português listada pelo Apostolado Brasileiro.,26 Grafton Street,Lowell,MA,01852,42.6199708,-71.28876439999999,,781 871 5754,comunidadebrasileirarockland@gmail.com,,,,[],missa,https://apostoladobrasileiro.com/locations/holy-family/,Importado do diretório público do Apostolado Brasileiro. Conferir endereço e horários antes de aprovar.,arquivo_original,não verificado individualmente,2026-08-17,Registro preservado do arquivo original; horários e contatos devem ser confirmados antes da visita.,https://apostoladobrasileiro.com/locations/holy-family/
Immaculate Conception,Comunidade católica com missa em português listada pelo Apostolado Brasileiro.,11 Prospect Street,Marlborough,MA,01752,42.34715629999999,-71.551187,,,,,,,[],missa,https://apostoladobrasileiro.com/locations/immaculate-conception/,Importado do diretório público do Apostolado Brasileiro. Conferir endereço e horários antes de aprovar.,arquivo_original,não verificado individualmente,2026-08-17,Registro preservado do arquivo original; horários e contatos devem ser confirmados antes da visita.,https://apostoladobrasileiro.com/locations/immaculate-conception/
Saint Bridget's Church,"Comunidade católica brasileira da Arquidiocese de Boston, listada pelo Apostolado Brasileiro.",1 Percival St,Maynard,MA,01754,,,,(857) 888 6234,,,,,[],missa,https://apostoladobrasileiro.com/comunidade-de-maynard/,Importado da página Onde estamos do Apostolado Brasileiro. Conferir endereço e horários antes de aprovar.,arquivo_original,não verificado individualmente,2026-08-17,Registro preservado do arquivo original; horários e contatos devem ser confirmados antes da visita.,https://apostoladobrasileiro.com/comunidade-de-maynard/
St. Mary of the Assumption,Comunidade católica com missa em português listada pelo Apostolado Brasileiro.,27 Pearl Street,Milford,MA,01757,42.1439297,-71.517285,,,,,,,[],missa,https://apostoladobrasileiro.com/locations/st-mary-of-the-assumption/,Importado do diretório público do Apostolado Brasileiro. Conferir endereço e horários antes de aprovar.,arquivo_original,não verificado individualmente,2026-08-17,Registro preservado do arquivo original; horários e contatos devem ser confirmados antes da visita.,https://apostoladobrasileiro.com/locations/st-mary-of-the-assumption/
St. Thomas,Comunidade católica com missa em português listada pelo Apostolado Brasileiro.,01 Margin Street,Peabody,MA,01960,42.5329582,-70.9129291,,+19785310224,,,,,[],missa,https://apostoladobrasileiro.com/locations/st-thomas/,Importado do diretório público do Apostolado Brasileiro. Conferir endereço e horários antes de aprovar.,arquivo_original,não verificado individualmente,2026-08-17,Registro preservado do arquivo original; horários e contatos devem ser confirmados antes da visita.,https://apostoladobrasileiro.com/locations/st-thomas/
St. Mary,Comunidade católica com missa em português listada pelo Apostolado Brasileiro.,313 Court Street,Plymouth,MA,02364,41.9740106,-70.6841008,,(508) 746-0426,,,,,[],missa,https://apostoladobrasileiro.com/locations/st-mary/,Importado do diretório público do Apostolado Brasileiro. Conferir endereço e horários antes de aprovar.,arquivo_original,não verificado individualmente,2026-08-17,Registro preservado do arquivo original; horários e contatos devem ser confirmados antes da visita.,https://apostoladobrasileiro.com/locations/st-mary/
Paróquia Imaculada Conceição,Comunidade católica com missa em português listada pelo Apostolado Brasileiro.,133 Beach St,Revere,MA,02151,42.4073435,-71.0097069,https://icrevere.org,+17812890735,,,,,"[{""day_of_week"":0,""time"":""08:30"",""language"":""pt"",""notes"":null}]",missa,https://apostoladobrasileiro.com/locations/paroquia-imaculada-conceicao/,Importado do diretório público do Apostolado Brasileiro. Conferir endereço e horários antes de aprovar.,arquivo_original,não verificado individualmente,2026-08-17,Registro preservado do arquivo original; horários e contatos devem ser confirmados antes da visita.,https://apostoladobrasileiro.com/locations/paroquia-imaculada-conceicao/
Holy Family,Comunidade católica com missa em português listada pelo Apostolado Brasileiro.,Union Street,Rockland,MA,02371,42.1337356,-70.91618009999999,,781 871 5754,comunidadebrasileirarockland@gmail.com,,,,[],missa,https://apostoladobrasileiro.com/locations/holy-family-2/,Importado do diretório público do Apostolado Brasileiro. Conferir endereço e horários antes de aprovar.,arquivo_original,não verificado individualmente,2026-08-17,Registro preservado do arquivo original; horários e contatos devem ser confirmados antes da visita.,https://apostoladobrasileiro.com/locations/holy-family-2/
St. Anthony,Comunidade católica com missa em português listada pelo Apostolado Brasileiro.,12 Properzi Way,Somerville,MA,02143,42.38223840000001,-71.10508940000001,,,,,,,[],missa,https://apostoladobrasileiro.com/locations/st-anthony-2/,Importado do diretório público do Apostolado Brasileiro. Conferir endereço e horários antes de aprovar.,arquivo_original,não verificado individualmente,2026-08-17,Registro preservado do arquivo original; horários e contatos devem ser confirmados antes da visita.,https://apostoladobrasileiro.com/locations/st-anthony-2/
Nossa Senhora da Assunção,Comunidade católica com missa em português listada pelo Apostolado Brasileiro.,560 Page Street,Stoughton,MA,02322,42.1522337,-71.07554300000001,,,,,,,[],missa,https://apostoladobrasileiro.com/locations/nossa-senhora-da-assuncao/,Importado do diretório público do Apostolado Brasileiro. Conferir endereço e horários antes de aprovar.,arquivo_original,não verificado individualmente,2026-08-17,Registro preservado do arquivo original; horários e contatos devem ser confirmados antes da visita.,https://apostoladobrasileiro.com/locations/nossa-senhora-da-assuncao/
Good Shepherd,Comunidade católica com missa em português listada pelo Apostolado Brasileiro.,12 Spring Street,Tisbury,MA,02568,41.4542786,-70.6036395,,,,,,,[],missa,https://apostoladobrasileiro.com/locations/good-shepherd/,Importado do diretório público do Apostolado Brasileiro. Conferir endereço e horários antes de aprovar.,arquivo_original,não verificado individualmente,2026-08-17,Registro preservado do arquivo original; horários e contatos devem ser confirmados antes da visita.,https://apostoladobrasileiro.com/locations/good-shepherd/
St. Charles Boromeo,Comunidade católica com missa em português listada pelo Apostolado Brasileiro.,280 Main Street,Woburn,MA,01801,42.4763106,-71.150684,,,,,,,[],missa,https://apostoladobrasileiro.com/locations/st-charles-boromeo/,Importado do diretório público do Apostolado Brasileiro. Conferir endereço e horários antes de aprovar.,arquivo_original,não verificado individualmente,2026-08-17,Registro preservado do arquivo original; horários e contatos devem ser confirmados antes da visita.,https://apostoladobrasileiro.com/locations/st-charles-boromeo/
St. Joseph & St. Stephen,Comunidade católica com missa em português listada pelo Apostolado Brasileiro.,357 Grafton Street,Worcester,MA,01604,42.25558090000001,-71.7845431,,,,,,,[],missa,https://apostoladobrasileiro.com/locations/st-joseph-st-stephen/,Importado do diretório público do Apostolado Brasileiro. Conferir endereço e horários antes de aprovar.,arquivo_original,não verificado individualmente,2026-08-17,Registro preservado do arquivo original; horários e contatos devem ser confirmados antes da visita.,https://apostoladobrasileiro.com/locations/st-joseph-st-stephen/
Igreja São Bernardo e NS de Fatima,Comunidade católica com missa em português listada pelo Apostolado Brasileiro.,5700 Nicholson Street,Riverdale Park,MD,20737,38.9570781,-76.9163222,,,,,,,[],missa,https://apostoladobrasileiro.com/locations/igreja-sao-bernardo-e-ns-de-fatima/,Importado do diretório público do Apostolado Brasileiro. Conferir endereço e horários antes de aprovar.,arquivo_original,não verificado individualmente,2026-08-17,Registro preservado do arquivo original; horários e contatos devem ser confirmados antes da visita.,https://apostoladobrasileiro.com/locations/igreja-sao-bernardo-e-ns-de-fatima/
Brazilian Community at St. John Neumann Catholic Church,Comunidade brasileira com missas periódicas em português na região de Charlotte.,8451 Idlewild Road,Charlotte,NC,28227,,,https://4sjnc.org/,704-536-6520,receptionist@4sjnc.org,,,,"[{""language"":""Português"",""schedule"":""Segundo e último domingo do mês, 19:00; confirmar no boletim atual""}]",missa;comunidade brasileira,https://www.jppc.net/onlinebulletins/713template.pdf,Novo registro encontrado na pesquisa web de 2026-08-17. Confirmar horários antes da visita.,pesquisa_web_2026,confirmado em fonte oficial ou paroquial,2026-08-17,Boletim paroquial lista missa brasileira periódica; horário deve ser reconfirmado.,https://www.jppc.net/onlinebulletins/713template.pdf
Jesus the Good Shepherd,Comunidade católica com missa em português listada pelo Apostolado Brasileiro.,3rd Street,Beverly,NJ,08010,40.0641443,-74.92492659999999,,,,,,,[],missa,https://apostoladobrasileiro.com/locations/jesus-the-good-shepherd/,Importado do diretório público do Apostolado Brasileiro. Conferir endereço e horários antes de aprovar.,arquivo_original,não verificado individualmente,2026-08-17,Registro preservado do arquivo original; horários e contatos devem ser confirmados antes da visita.,https://apostoladobrasileiro.com/locations/jesus-the-good-shepherd/
Nossa Senhora de Fatima,Comunidade católica com missa em português listada pelo Apostolado Brasileiro.,Bond Street,Elizabeth,NJ,07201,40.6671979,-74.2035369,,,,,,,[],missa,https://apostoladobrasileiro.com/locations/nossa-senhora-de-fatima/,Importado do diretório público do Apostolado Brasileiro. Conferir endereço e horários antes de aprovar.,arquivo_original,não verificado individualmente,2026-08-17,Registro preservado do arquivo original; horários e contatos devem ser confirmados antes da visita.,https://apostoladobrasileiro.com/locations/nossa-senhora-de-fatima/
Santa Catharina de Sienna,Comunidade católica com missa em português listada pelo Apostolado Brasileiro.,King Street,Hillside,NJ,07205,40.6869091,-74.2154177,,,,,,,[],missa,https://apostoladobrasileiro.com/locations/santa-catharina-de-sienna/,Importado do diretório público do Apostolado Brasileiro. Conferir endereço e horários antes de aprovar.,arquivo_original,não verificado individualmente,2026-08-17,Registro preservado do arquivo original; horários e contatos devem ser confirmados antes da visita.,https://apostoladobrasileiro.com/locations/santa-catharina-de-sienna/
Our Lady of Pompeii,Comunidade católica com missa em português listada pelo Apostolado Brasileiro.,18th Street,Jersey City,NJ,07310,40.734067771083915,-74.03532028198244,,,,,,,[],missa,https://apostoladobrasileiro.com/locations/our-lady-of-pompeii/,Importado do diretório público do Apostolado Brasileiro. Conferir endereço e horários antes de aprovar.,arquivo_original,não verificado individualmente,2026-08-17,Registro preservado do arquivo original; horários e contatos devem ser confirmados antes da visita.,https://apostoladobrasileiro.com/locations/our-lady-of-pompeii/
Christ the King,Comunidade católica com missa em português listada pelo Apostolado Brasileiro.,Chelsea Avenue,Long Branch,NJ,07740,40.3016636,-73.9833106,,,,,,,[],missa,https://apostoladobrasileiro.com/locations/christ-the-king/,Importado do diretório público do Apostolado Brasileiro. Conferir endereço e horários antes de aprovar.,arquivo_original,não verificado individualmente,2026-08-17,Registro preservado do arquivo original; horários e contatos devem ser confirmados antes da visita.,https://apostoladobrasileiro.com/locations/christ-the-king/
Saint Aloysius,Comunidade católica com missa em português listada pelo Apostolado Brasileiro.,Freeman Street,Newark,NJ,07105,40.7317769,-74.1450303,,,,,,,[],missa,https://apostoladobrasileiro.com/locations/saint-aloysius/,Importado do diretório público do Apostolado Brasileiro. Conferir endereço e horários antes de aprovar.,arquivo_original,não verificado individualmente,2026-08-17,Registro preservado do arquivo original; horários e contatos devem ser confirmados antes da visita.,https://apostoladobrasileiro.com/locations/saint-aloysius/
Saint James Church,Comunidade católica com missa em português listada pelo Apostolado Brasileiro.,143 Madison Street,Newark,NJ,07105,40.7282664,-74.1621014,,,,,,,[],missa,https://apostoladobrasileiro.com/locations/saint-james-church/,Importado do diretório público do Apostolado Brasileiro. Conferir endereço e horários antes de aprovar.,arquivo_original,não verificado individualmente,2026-08-17,Registro preservado do arquivo original; horários e contatos devem ser confirmados antes da visita.,https://apostoladobrasileiro.com/locations/saint-james-church/
Saint Nicholas Church,Comunidade católica com missa em português listada pelo Apostolado Brasileiro.,448 East Brinkerhoff Avenue,Palisades Park,NJ,07650,40.8403748,-73.987686,,,,,,,[],missa,https://apostoladobrasileiro.com/locations/saint-nicholas-church/,Importado do diretório público do Apostolado Brasileiro. Conferir endereço e horários antes de aprovar.,arquivo_original,não verificado individualmente,2026-08-17,Registro preservado do arquivo original; horários e contatos devem ser confirmados antes da visita.,https://apostoladobrasileiro.com/locations/saint-nicholas-church/
Nossa Senhora do Rosario de Fatima,Comunidade católica com missa em português listada pelo Apostolado Brasileiro.,182 Wayne Street,Perth Amboy,NJ,08861,40.5220916,-74.264905,,,,,,,[],missa,https://apostoladobrasileiro.com/locations/nossa-senhora-do-rosario-de-fatima/,Importado do diretório público do Apostolado Brasileiro. Conferir endereço e horários antes de aprovar.,arquivo_original,não verificado individualmente,2026-08-17,Registro preservado do arquivo original; horários e contatos devem ser confirmados antes da visita.,https://apostoladobrasileiro.com/locations/nossa-senhora-do-rosario-de-fatima/
Corpus Christi,Comunidade católica com missa em português listada pelo Apostolado Brasileiro.,100 James Street,South River,NJ,08882,40.4363946,-74.38331099999999,,,,,,,[],missa,https://apostoladobrasileiro.com/locations/corpus-christi/,Importado do diretório público do Apostolado Brasileiro. Conferir endereço e horários antes de aprovar.,arquivo_original,não verificado individualmente,2026-08-17,Registro preservado do arquivo original; horários e contatos devem ser confirmados antes da visita.,https://apostoladobrasileiro.com/locations/corpus-christi/
Our Lady of Victory Church,Comunidade católica com missa em português listada pelo Apostolado Brasileiro.,24 North 5th Avenue,Mount Vernon,NY,10550,40.91361310000001,-73.8386074,https://colvsh.org/,,,,,,[],missa,https://apostoladobrasileiro.com/locations/our-lady-of-victory-church/,Importado do diretório público do Apostolado Brasileiro. Conferir endereço e horários antes de aprovar.,arquivo_original,confirmado em fonte oficial,2026-08-17,História paroquial confirma a comunidade brasileira e missas em português desde 1989.,https://colvsh.org/our-history
Immaculate Conception,Comunidade católica com missa em português listada pelo Apostolado Brasileiro.,3400 Holland Avenue,New York,NY,10467,40.8758972,-73.86428099999999,,,,,,,[],missa,https://apostoladobrasileiro.com/locations/immaculate-conception-2/,Importado do diretório público do Apostolado Brasileiro. Conferir endereço e horários antes de aprovar.,arquivo_original,não verificado individualmente,2026-08-17,Registro preservado do arquivo original; horários e contatos devem ser confirmados antes da visita.,https://apostoladobrasileiro.com/locations/immaculate-conception-2/
Paróquia Santa Rita,Comunidade católica com missa em português listada pelo Apostolado Brasileiro.,11-02 36th Avenue,New York,NY,11106,40.7607309,-73.93979689999999,,,,,,,[],missa,https://apostoladobrasileiro.com/locations/paroquia-santa-rita/,Importado do diretório público do Apostolado Brasileiro. Conferir endereço e horários antes de aprovar.,arquivo_original,não verificado individualmente,2026-08-17,Registro preservado do arquivo original; horários e contatos devem ser confirmados antes da visita.,https://apostoladobrasileiro.com/locations/paroquia-santa-rita/
St. John Bosco,Comunidade católica com missa em português listada pelo Apostolado Brasileiro.,260 Westchester Avenue,Port Chester,NY,10573,41.0031509,-73.6695028,,,,,,,[],missa,https://apostoladobrasileiro.com/locations/st-john-bosco/,Importado do diretório público do Apostolado Brasileiro. Conferir endereço e horários antes de aprovar.,arquivo_original,não verificado individualmente,2026-08-17,Registro preservado do arquivo original; horários e contatos devem ser confirmados antes da visita.,https://apostoladobrasileiro.com/locations/st-john-bosco/
Comunidade Brasileira,Comunidade católica com missa em português listada pelo Apostolado Brasileiro.,312 East 4th Street,Bethlehem,PA,18015,40.6103295,-75.3742683,,,,,,,[],missa,https://apostoladobrasileiro.com/locations/comunidade-brasileira/,Importado do diretório público do Apostolado Brasileiro. Conferir endereço e horários antes de aprovar.,arquivo_original,não verificado individualmente,2026-08-17,Registro preservado do arquivo original; horários e contatos devem ser confirmados antes da visita.,https://apostoladobrasileiro.com/locations/comunidade-brasileira/
St. Martin of Tours,Comunidade católica com missa em português listada pelo Apostolado Brasileiro.,5400 Roosevelt Boulevard,Philadelphia,PA,19124,40.0317842,-75.0868464,,,,,,,[],missa,https://apostoladobrasileiro.com/locations/st-martin-of-tours/,Importado do diretório público do Apostolado Brasileiro. Conferir endereço e horários antes de aprovar.,arquivo_original,não verificado individualmente,2026-08-17,Registro preservado do arquivo original; horários e contatos devem ser confirmados antes da visita.,https://apostoladobrasileiro.com/locations/st-martin-of-tours/
St. Francis Xavier Church,Paróquia com forte atendimento lusófono e várias missas em português.,81 North Carpenter Street,East Providence,RI,02914,,,https://saintfrancisxavierchurch.com/,401-434-1878,,,,,"[{""language"":""Português"",""schedule"":""Domingo 08:00 e 11:45; segunda e quarta 18:00; sexta 18:00; confirmar programação sazonal""}]",missa;confissão em português;adoração,https://saintfrancisxavierchurch.com/,Novo registro encontrado na pesquisa web de 2026-08-17. Confirmar horários antes da visita.,pesquisa_web_2026,confirmado em fonte oficial ou paroquial,2026-08-17,Site oficial bilíngue confirma várias celebrações em português.,https://saintfrancisxavierchurch.com/
Brazilian Group at St. Luke Catholic Church,"Grupo brasileiro estabelecido na paróquia desde 2007, com missa semanal em português.",202 S MacArthur Boulevard,Irving,TX,75060,,,https://stlukeirving.org/,972-259-3222,contact@stlukeirving.org,,,,"[{""language"":""Português"",""schedule"":""Domingo 18:30""}]",missa;terço;adoração;eventos brasileiros,https://stlukeirving.org/events/mass-portuguese,Novo registro encontrado na pesquisa web de 2026-08-17. Confirmar horários antes da visita.,pesquisa_web_2026,confirmado em fonte oficial ou paroquial,2026-08-17,Calendário oficial confirma missa em português todos os domingos.,https://stlukeirving.org/events/mass-portuguese
Brazilian Catholic Community at Missionhurst,Comunidade católica brasileira atendida pela Diocese de Arlington.,4651 25th Street N,Arlington,VA,22207,,,https://www.arlingtondiocese.org/multicultural-ministries/diocesean-cultural-ministries/spanish-apostolate-and-south-american-ministry,703-841-3881,,,,,"[{""language"":""Português"",""schedule"":""Terceiro domingo do mês; confirmar horário com a diocese""}]",missa;pastoral de migrantes,https://www.arlingtondiocese.org/multicultural-ministries/diocesean-cultural-ministries/spanish-apostolate-and-south-american-ministry,Novo registro encontrado na pesquisa web de 2026-08-17. Confirmar horários antes da visita.,pesquisa_web_2026,confirmado em fonte oficial ou paroquial,2026-08-17,Página oficial diocesana confirma missa mensal em português no Missionhurst.,https://www.arlingtondiocese.org/multicultural-ministries/diocesean-cultural-ministries/spanish-apostolate-and-south-american-ministry
